MAE,MSE,RMSE,R2 Score
2077.4503078048783,9420514.205160778,3069.2856180487306,0.842037964183936
