MAE,MSE,RMSE,R2 Score
993.5643912880628,2254913.8273538705,1501.6370491413265,0.9644953810351337
