MAE,MSE,RMSE,R2 Score
0.14917565678354103,0.03849521199971494,0.19620196736963402,0.8447114842249531
