MAE,MSE,RMSE,R2 Score
2211.187461829268,11970564.539640697,3459.8503637644067,0.799279030489296
